method,condition,level,realization,budget,queries,tie_fraction,D_mean,F_mean,L,L_lo,L_hi,U,U_lo,U_hi,N,N_lo,N_hi,U_graph,U_cap,U_share_of_L
postfilter,clustered_s0.0100,C1000,0,10,10000,0.0217,197253.8546,,0.01865,0.0175395,0.01977575,0.0,0.0,0.0,0.01865,0.01744,0.019830499999999997,,,0.0
postfilter,clustered_s0.0100,C1000,0,20,10000,0.0217,197253.8546,,0.01865,0.017494750000000003,0.01978525,0.0,0.0,0.0,0.01865,0.017480000000000002,0.019975750000000004,,,0.0
postfilter,clustered_s0.0100,C1000,0,40,10000,0.0217,197253.8546,,0.01865,0.0174595,0.0198205,0.0,0.0,0.0,0.01865,0.017469500000000002,0.01984525,,,0.0
postfilter,clustered_s0.0100,C1000,0,80,10000,0.0217,197253.8546,,0.01865,0.017563750000000003,0.0197,0.0,0.0,0.0,0.01865,0.01756,0.019867249999999996,,,0.0
postfilter,clustered_s0.0100,C1000,0,160,10000,0.0217,197253.8546,,0.01865,0.01751425,0.01981,0.0,0.0,0.0,0.01865,0.01751475,0.01993575,,,0.0
postfilter,clustered_s0.0100,C1000,0,320,10000,0.0217,197253.8546,,0.01865,0.0175195,0.019840000000000003,0.0,0.0,0.0,0.01865,0.01753325,0.01990625,,,0.0
postfilter,clustered_s0.0100,C1000,0,640,10000,0.0217,197253.8546,,0.01865,0.017549500000000003,0.01982525,0.0,0.0,0.0,0.01865,0.0175,0.01982,,,0.0
postfilter,clustered_s0.0100,C1000,0,1280,10000,0.0217,199272.4855,,0.017360000000000004,0.01604475,0.018565250000000002,0.0,0.0,0.0,0.017360000000000004,0.016334750000000002,0.018495750000000002,,,0.0
postfilter,clustered_s0.0100,C1000,0,2560,10000,0.0217,209989.2847,,0.014840000000000004,0.0137395,0.01576525,0.0,0.0,0.0,0.014840000000000004,0.01380475,0.016025750000000002,,,0.0
postfilter,random_s0.0100,random,0,10,10000,0.0007,16788.6469,,0.02212,0.021028500000000002,0.023341,0.0,0.0,0.0,0.02212,0.020969500000000002,0.023307249999999998,,,0.0
postfilter,random_s0.0100,random,0,20,10000,0.0007,16788.6469,,0.02212,0.02092475,0.023341,0.0,0.0,0.0,0.02212,0.02104,0.02336575,,,0.0
postfilter,random_s0.0100,random,0,40,10000,0.0007,16788.6469,,0.02212,0.020949500000000003,0.02313525,0.0,0.0,0.0,0.02212,0.02104475,0.02335525,,,0.0
postfilter,random_s0.0100,random,0,80,10000,0.0007,16788.6469,,0.02212,0.02118,0.02319625,0.0,0.0,0.0,0.02212,0.021104750000000002,0.023345750000000002,,,0.0
postfilter,random_s0.0100,random,0,160,10000,0.0007,16788.6469,,0.02212,0.020909,0.0231505,0.0,0.0,0.0,0.02212,0.02103,0.02330525,,,0.0
postfilter,random_s0.0100,random,0,320,10000,0.0007,16788.6469,,0.02212,0.02089475,0.02332525,0.0,0.0,0.0,0.02212,0.0209195,0.02322,,,0.0
postfilter,random_s0.0100,random,0,640,10000,0.0007,16788.6469,,0.02212,0.021154250000000003,0.02333525,0.0,0.0,0.0,0.02212,0.021014750000000002,0.023245250000000002,,,0.0
postfilter,random_s0.0100,random,0,1280,10000,0.0007,18806.5606,,0.01745,0.0164685,0.01841575,0.0,0.0,0.0,0.01745,0.01635,0.01847,,,0.0
postfilter,random_s0.0100,random,0,2560,10000,0.0007,28289.3681,,0.00866,0.00793475,0.0096105,0.0,0.0,0.0,0.00866,0.00785475,0.009550499999999998,,,0.0
prefilter,clustered_s0.0100,C1000,0,0,10000,0.0217,10000.0,,0.0,0.0,0.0,0.0,0.0,0.0,0.0,0.0,0.0,0.0,0.0,
prefilter,random_s0.0100,random,0,0,10000,0.0007,10000.0,,0.0,0.0,0.0,0.0,0.0,0.0,0.0,0.0,0.0,0.0,0.0,
