method,level,realization,passing_clusters,U_graph,U_sem,frac_q_U_pos,U_q_p99,U_cap,lscc_graph,sccs_graph,wccs_graph,lscc_sem,sccs_sem,wccs_sem,distinct_seeds
acorn_1,C100,0,2,0.21038,0.005370000000000001,0.0537,0.1,0.00579,0.9493,450,253,0.9999,2,2,113
acorn_1,C100,1,2,0.27296,0.10795,0.1918,1.0,0.10917,0.8483,594,381,0.8882,11,4,49
acorn_1,C100,2,1,0.011000000000000001,0.0006700000000000001,0.0067,0.0,0.02115,0.9912,85,1,0.9995,6,1,138
acorn_1,C100,3,1,0.03369,0.0,0.0,0.0,0.04627,0.9989,12,2,1.0,1,1,123
acorn_1,C100,4,2,0.25387,0.021710000000000004,0.1992,0.2,0.021810000000000003,0.9621,372,167,0.9979,11,4,24
acorn_1,C1000,0,10,0.18594000000000002,7e-05,0.0007,0.0,0.00037,0.526,273,128,0.9998,3,1,593
acorn_1,C1000,1,11,0.27516999999999997,0.00042,0.0042,0.0,0.00066,0.4396,1122,845,0.999,11,4,41
acorn_1,C1000,2,11,0.22485,0.00112,0.011,0.1,0.00245,0.3036,583,385,0.9991,10,3,62
acorn_1,C1000,3,10,0.17861,0.00103,0.0101,0.1,0.00142,0.6072,473,253,0.9995,6,2,80
acorn_1,C1000,4,10,0.24191999999999997,0.00029,0.0029,0.0,0.00081,0.4436,484,299,0.9994,7,2,116
acorn_1,random,0,0,0.9902200000000001,0.0004,0.0039,0.0,0.0004,0.0018,8189,6929,0.9983,18,1,216
acorn_1,random,1,0,0.9938199999999999,0.00039000000000000005,0.0039,0.0,0.00039000000000000005,0.0022,8208,6942,0.9977,24,1,59
acorn_gamma,C100,0,2,0.08085999999999999,1e-05,0.0001,0.0,0.00032,0.9768,208,68,0.9994,7,1,10
acorn_gamma,C100,1,2,0.0365,0.0,0.0,0.0,0.00148,0.9887,99,24,0.9999,2,1,34
acorn_gamma,C100,2,1,0.02113,0.0,0.0,0.0,0.0006100000000000002,0.9972,29,1,1.0,1,1,17
acorn_gamma,C100,3,1,0.0008900000000000001,0.0,0.0,0.0,0.0030900000000000003,0.9996,5,1,1.0,1,1,14
acorn_gamma,C100,4,2,0.0071400000000000005,0.0,0.0,0.0,4e-05,0.9965,34,5,0.9999,2,1,14
acorn_gamma,C1000,0,10,0.0499,6.000000000000001e-05,0.0006,0.0,0.0008900000000000001,0.5314,48,6,0.9998,3,1,30
acorn_gamma,C1000,1,11,0.00253,0.0,0.0,0.0,0.00025,0.9946,52,21,0.9996,5,2,38
acorn_gamma,C1000,2,11,0.042890000000000005,0.00014000000000000001,0.0011,0.0,0.0006200000000000001,0.4896,53,7,0.9997,2,1,37
acorn_gamma,C1000,3,10,0.0061,7.000000000000001e-05,0.0007,0.0,0.00029000000000000006,0.6228,48,7,0.9997,4,1,34
acorn_gamma,C1000,4,10,0.13021,0.0,0.0,0.0,0.0,0.468,62,8,0.9998,3,1,28
acorn_gamma,random,0,0,0.9956199999999998,0.0013800000000000002,0.0137,0.1,0.0016900000000000003,0.002,7261,4721,0.9645,346,7,30
acorn_gamma,random,1,0,0.9987599999999999,0.0023200000000000004,0.0222,0.1,0.0024800000000000004,0.0021,7295,4729,0.9671,327,8,51
