condition,level,realization,U_acorn1,U_gamma,queries_gamma_worse,queries_acorn1_worse,wilcoxon_p,p_holm
C100_r0_s0.0100,C100,0,0.005369999999999999,9.999999999999997e-06,1,537,3.7941610583018916e-118,3.794161058301892e-117
C100_r1_s0.0100,C100,1,0.10795,0.0,0,1918,0.0,0.0
C100_r2_s0.0100,C100,2,0.0006699999999999998,0.0,0,67,2.7150713219425065e-16,1.629042793165504e-15
C100_r3_s0.0100,C100,3,0.0,0.0,0,0,1.0,1.0
C100_r4_s0.0100,C100,4,0.021709999999999997,0.0,0,1992,0.0,0.0
C1000_r0_s0.0100,C1000,0,6.999999999999998e-05,5.999999999999999e-05,6,7,0.7815112949987133,1.0
C1000_r1_s0.0100,C1000,1,0.0004199999999999999,0.0,0,42,9.12734179928913e-11,3.650936719715652e-10
C1000_r2_s0.0100,C1000,2,0.0011199999999999997,0.00013999999999999993,11,110,5.3251619194187e-17,3.72761334359309e-16
C1000_r3_s0.0100,C1000,3,0.0010299999999999997,6.999999999999998e-05,7,101,2.4718547985844435e-19,1.9774838388675548e-18
C1000_r4_s0.0100,C1000,4,0.00028999999999999995,0.0,0,29,7.237829871739995e-08,2.1713489615219987e-07
random_r0_s0.0100,random,0,0.0003999999999999999,0.0013799999999999997,137,39,3.7767539325901674e-13,1.8883769662950836e-12
random_r1_s0.0100,random,1,0.0003899999999999999,0.0023199999999999996,213,30,9.643448258722534e-32,8.679103432850281e-31
