method,level,budget,recall,L,U,N,U_share_of_loss,D_mean,F_mean,L_lo,L_hi
ACORN-1,C100,10,0.38154999999999994,0.61845,0.00537,0.6130800000000001,0.008682997817123452,491.5519,17155.9875,0.61200975,0.6247604999999999
ACORN-1,C100,20,0.54371,0.45629,0.00537,0.45092,0.01176883122575555,827.7636,32487.76,0.4500587499999999,0.46267025
ACORN-1,C100,40,0.68738,0.31262,0.00537,0.30725,0.017177403876911263,1372.0539,64620.6503,0.30721975,0.31835025
ACORN-1,C100,80,0.8113900000000001,0.18861,0.00537,0.18324,0.028471449021790995,2214.4685,131542.0409,0.18460925,0.1927299999999999
ACORN-1,C100,160,0.90698,0.09302,0.00537,0.08765,0.057729520533218656,3428.3013,271780.7741,0.09049,0.09547
ACORN-1,C100,320,0.96239,0.03761,0.00537,0.03224,0.14278117521935657,4971.1803,563761.469,0.03627975,0.039
ACORN-1,C100,640,0.98471,0.01529,0.00537,0.00992,0.3512099411379987,6708.3663,1151836.5722,0.01449975,0.01610025
ACORN-1,C100,1280,0.9923,0.0077,0.00537,0.00233,0.6974025974025974,8512.6216,2269935.5325,0.00718,0.00824
ACORN-1,C100,2560,0.99399,0.00601,0.00537,0.00064,0.8935108153078203,9613.1523,4355118.7796,0.00553,0.00649
ACORN-1,C1000,10,0.63022,0.36978,7e-05,0.36971,0.0001893017469846936,460.2311,19199.5277,0.36354975,0.375862
ACORN-1,C1000,20,0.77062,0.22938,7e-05,0.22931,0.0003051704594995204,677.2097,39575.4132,0.22395,0.23511
ACORN-1,C1000,40,0.8533,0.1467,7e-05,0.14663,0.0004771642808452624,949.9686,84672.835,0.14146975,0.15205025
ACORN-1,C1000,80,0.90706,0.09294,7e-05,0.09287,0.000753174090811276,1268.572,181605.2731,0.08870975,0.09742025
ACORN-1,C1000,160,0.94783,0.05217,7e-05,0.0521,0.0013417672992141075,1635.0579,383256.4858,0.04876975,0.05567025
ACORN-1,C1000,320,0.97962,0.02038,7e-05,0.02031,0.0034347399411187437,2066.633,789265.3745,0.0183697499999999,0.02253025
ACORN-1,C1000,640,0.9907,0.0093,7e-05,0.00923,0.007526881720430107,2609.7864,1587570.3092,0.00779975,0.01092
ACORN-1,C1000,1280,0.99449,0.00551,7e-05,0.0054399999999999,0.012704174228675135,3277.8454,3132522.6485,0.00423,0.00688025
ACORN-1,C1000,2560,0.99699,0.00301,7e-05,0.00294,0.02325581395348837,4083.054,6125068.5393,0.0021595,0.00403
ACORN-1,random,10,0.66753,0.33247,0.0004,0.33207,0.0012031160706229135,265.1705,44889.3398,0.32751975,0.337461
ACORN-1,random,20,0.83159,0.16841,0.0004,0.16801,0.002375155869603943,363.4719,82478.542,0.164759,0.17203
ACORN-1,random,40,0.9211199999999999,0.07888,0.0004,0.07848,0.005070993914807302,522.6618,156809.0491,0.07649925,0.08122025
ACORN-1,random,80,0.96571,0.03429,0.0004,0.0338899999999999,0.011665208515602217,772.2597,303957.6308,0.03283,0.0357902499999999
ACORN-1,random,160,0.98619,0.01381,0.0004,0.01341,0.028964518464880525,1149.848,594461.6977,0.01279,0.01487025
ACORN-1,random,320,0.99446,0.00554,0.0004,0.00514,0.07220216606498196,1695.2015,1166212.3652,0.00484,0.00632
ACORN-1,random,640,0.9977,0.0023,0.0004,0.0019,0.1739130434782609,2437.5897,2290107.6029,0.00181975,0.00289
ACORN-1,random,1280,0.99923,0.00077,0.0004,0.00037,0.5194805194805195,3363.1902,4491676.2647,0.0006,0.00096
ACORN-1,random,2560,0.99956,0.00044,0.0004,4e-05,0.9090909090909091,4404.0991,8785333.1107,0.00032,0.00058
ACORN-γ,C100,10,0.36702,0.63298,1e-05,0.63297,1.5798287465638726e-05,410.9386,8979.6869,0.6279095000000001,0.63814075
ACORN-γ,C100,20,0.57723,0.42277,1e-05,0.42276,2.3653523192279494e-05,674.2554,14548.3598,0.4177899999999999,0.4278399999999999
ACORN-γ,C100,40,0.7456,0.2544,1e-05,0.25439,3.930817610062893e-05,1097.6299,26156.7054,0.2499897499999999,0.2588102499999999
ACORN-γ,C100,80,0.86125,0.13875,1e-05,0.13874,7.207207207207208e-05,1753.6811,49482.5091,0.1355795,0.14183025
ACORN-γ,C100,160,0.93436,0.06564,1e-05,0.06563,0.00015234613040828764,2716.5308,95850.8989,0.06361,0.06754025
ACORN-γ,C100,320,0.9754,0.0246,1e-05,0.02459,0.00040650406504065046,4030.7363,188592.3301,0.02352975,0.02566
ACORN-γ,C100,640,0.99327,0.00673,1e-05,0.00672,0.001485884101040119,5714.6189,371079.0945,0.00622,0.0072802499999999
ACORN-γ,C100,1280,0.99798,0.00202,1e-05,0.00201,0.0049504950495049506,7700.2118,726562.0029,0.00176,0.0022902499999999
ACORN-γ,C100,2560,0.99924,0.00076,1e-05,0.00075,0.013157894736842106,9261.3748,1521240.5939,0.0006,0.00093
ACORN-γ,C1000,10,0.57945,0.42055,6.000000000000001e-05,0.42049,0.00014267031268576865,335.2154,,0.41437875,0.426761
ACORN-γ,C1000,20,0.7393000000000001,0.2607,6.000000000000001e-05,0.26064,0.00023014959723820488,506.6054,,0.25448975,0.2669702499999999
ACORN-γ,C1000,40,0.8434699999999999,0.15653,6.000000000000001e-05,0.15647,0.0003833131029195682,744.0259,,0.151099,0.16191075
ACORN-γ,C1000,80,0.9063700000000001,0.0936299999999999,6.000000000000001e-05,0.09357,0.0006408202499198983,1051.0629,,0.08928,0.0981602499999999
ACORN-γ,C1000,160,0.95466,0.04534,6.000000000000001e-05,0.04528,0.0013233348037053378,1434.4648,,0.04225975,0.04847025
ACORN-γ,C1000,320,0.98464,0.01536,6.000000000000001e-05,0.0153,0.003906250000000001,1899.1284,,0.01354,0.01719025
ACORN-γ,C1000,640,0.99272,0.00728,6.000000000000001e-05,0.00722,0.008241758241758244,2446.9121,,0.006,0.00856
ACORN-γ,C1000,1280,0.99675,0.00325,6.000000000000001e-05,0.0031899999999999,0.018461538461538463,3130.6521,,0.00237,0.0042
ACORN-γ,C1000,2560,0.99897,0.00103,6.000000000000001e-05,0.0009699999999999,0.05825242718446602,4100.4813,,0.00063,0.00151
ACORN-γ,random,10,0.47409,0.52591,0.00138,0.52453,0.0026240231218269284,150.6773,,0.520787,0.530981
ACORN-γ,random,20,0.72228,0.2777199999999999,0.00138,0.27634,0.0049690335589802695,225.9392,,0.27372925,0.2820305
ACORN-γ,random,40,0.87384,0.12616,0.00138,0.12478,0.01093849080532657,353.9136,,0.12341975,0.12884025
ACORN-γ,random,80,0.95032,0.04968,0.00138,0.0483,0.027777777777777776,569.1806,,0.04798975,0.0512802499999999
ACORN-γ,random,160,0.98192,0.01808,0.00138,0.0167,0.07632743362831859,915.5602,,0.01715,0.0191
ACORN-γ,random,320,0.99311,0.00689,0.00138,0.00551,0.20029027576197386,1443.6494,,0.00636975,0.00742
ACORN-γ,random,640,0.9971,0.0029,0.00138,0.0015199999999999,0.47586206896551725,2195.9873,,0.00255,0.0032202499999999
ACORN-γ,random,1280,0.9982,0.0018,0.00138,0.00042,0.7666666666666666,3164.2746,,0.00154,0.00207
ACORN-γ,random,2560,0.99847,0.00153,0.00138,0.00015,0.9019607843137255,4261.0939,,0.0013,0.0017702499999999
POST,C1000,10,0.98135,0.01865,0.0,0.01865,0.0,197253.8546,,0.0175395,0.01977575
POST,C1000,20,0.98135,0.01865,0.0,0.01865,0.0,197253.8546,,0.01749475,0.01978525
POST,C1000,40,0.98135,0.01865,0.0,0.01865,0.0,197253.8546,,0.0174595,0.0198205
POST,C1000,80,0.98135,0.01865,0.0,0.01865,0.0,197253.8546,,0.01756375,0.0197
POST,C1000,160,0.98135,0.01865,0.0,0.01865,0.0,197253.8546,,0.01751425,0.01981
POST,C1000,320,0.98135,0.01865,0.0,0.01865,0.0,197253.8546,,0.0175195,0.01984
POST,C1000,640,0.98135,0.01865,0.0,0.01865,0.0,197253.8546,,0.0175495,0.01982525
POST,C1000,1280,0.98264,0.01736,0.0,0.01736,0.0,199272.4855,,0.01604475,0.01856525
POST,C1000,2560,0.98516,0.01484,0.0,0.01484,0.0,209989.2847,,0.0137395,0.01576525
POST,random,10,0.97788,0.02212,0.0,0.02212,0.0,16788.6469,,0.0210285,0.023341
POST,random,20,0.97788,0.02212,0.0,0.02212,0.0,16788.6469,,0.02092475,0.023341
POST,random,40,0.97788,0.02212,0.0,0.02212,0.0,16788.6469,,0.0209495,0.02313525
POST,random,80,0.97788,0.02212,0.0,0.02212,0.0,16788.6469,,0.02118,0.02319625
POST,random,160,0.97788,0.02212,0.0,0.02212,0.0,16788.6469,,0.020909,0.0231505
POST,random,320,0.97788,0.02212,0.0,0.02212,0.0,16788.6469,,0.02089475,0.02332525
POST,random,640,0.97788,0.02212,0.0,0.02212,0.0,16788.6469,,0.02115425,0.02333525
POST,random,1280,0.98255,0.01745,0.0,0.01745,0.0,18806.5606,,0.0164685,0.01841575
POST,random,2560,0.99134,0.00866,0.0,0.00866,0.0,28289.3681,,0.00793475,0.0096105
PRE,C1000,0,1.0,0.0,0.0,0.0,,10000.0,,0.0,0.0
PRE,random,0,1.0,0.0,0.0,0.0,,10000.0,,0.0,0.0
